{"name":"makeovermonday_what-is-the-uks-favorite-chocolate-bar","title":"2018/W13: What is the UK's favorite chocolate bar?","description":"What is the UK's favorite chocolate bar?\n\nThe Easter Bunny is coming this week, so let's have a great debate! What is the UK's favorite chocolate? \n\n# **Original Visualization**\n![Image](https://media.data.world/VKLPxYYFRyUeeoCc6Jgj_Screen%20Shot%202018-03-25%20at%2010.32.12%20am.png)\n\n# **About this Dataset**\nSOURCE: [CDA](https://www.cda.eu/)\n\n# **Objectives**\n* What works and what doesn't work with this chart? \n* How can you make it better? \n* Post your alternative on the discussions page.","homepage":"https://data.world/makeovermonday/what-is-the-uks-favorite-chocolate-bar","resources":[{"name":"top_10_chocolate_bars","schema":{"fields":[{"name":"brand","title":"Brand","type":"string","rdfType":"http://www.w3.org/2001/XMLSchema#string","dwSourceId":"brand"},{"name":"age_group","title":"Age Group","type":"string","rdfType":"http://www.w3.org/2001/XMLSchema#string","dwSourceId":"age_group"},{"name":"rank","title":"Rank","type":"integer","rdfType":"http://www.w3.org/2001/XMLSchema#integer","dwSourceId":"rank"}]},"path":"data/top_10_chocolate_bars.csv","format":"csv"},{"name":"original/Top 10 Chocolate Bars.xlsx","path":"original/Top 10 Chocolate Bars.xlsx","format":"xlsx","mediatype":"application/vnd.openxmlformats-officedocument.spreadsheetml.sheet","bytes":9353}],"keywords":["makeover monday","chocolate","united kingdom","uk"]}